{
  "tfidf": {
    "accuracy": 0.8176605504587156,
    "macro_f1": 0.8160735345034578,
    "time_sec": 14.108313798904419,
    "best_tokenizer": "nltk_nostop"
  },
  "bilstm": {
    "accuracy": 0.805045871559633,
    "macro_f1": 0.8045018384001434,
    "time_sec": 21.57800793647766
  },
  "distilbert": {
    "accuracy": 0.9036697247706422,
    "macro_f1": 0.9035230523637168,
    "time_sec": 667.6700177192688
  }
}