{
  "bilstm_crf": {
    "precision": 0.7605979930370673,
    "recall": 0.6587442355445193,
    "f1": 0.7060165383518676,
    "time_sec": 188.7595076560974
  },
  "distilbert_ner": {
    "precision": 0.8915936952714536,
    "recall": 0.9013810198300283,
    "f1": 0.8964606444796619,
    "time_sec": 317.7577793598175
  }
}