{
  "lexrank": {
    "Model": "LexRank (extractive)",
    "ROUGE-1": 0.3444935976952053,
    "ROUGE-2": 0.12385645656018957,
    "ROUGE-L": 0.21959999563869187,
    "BLEU": 0.08560424306878148,
    "METEOR": 0.32253048837477705,
    "BERTScore-F1": 0.8623613119125366
  },
  "bart": {
    "Model": "BART-CNN (abstractive)",
    "ROUGE-1": 0.43158297866136797,
    "ROUGE-2": 0.20409167054042665,
    "ROUGE-L": 0.3021666059786892,
    "BLEU": 0.15875660761115648,
    "METEOR": 0.3892390161908735,
    "BERTScore-F1": 0.8812939524650574
  },
  "lex_time": 8.797388792037964,
  "bart_time": 190.16939210891724
}