{
  "seq2seq": {
    "Model": "Seq2Seq + Attention",
    "BLEU": 0.04380037716222583,
    "METEOR": 0.5495303277198521,
    "ChrF": 0.4102314686792636,
    "BERTScore-F1": 0.7603093981742859
  },
  "transformer": {
    "Model": "Transformer (opus-mt)",
    "BLEU": 0.3637415217915294,
    "METEOR": 0.6655251117097953,
    "ChrF": 0.6423046368072595,
    "BERTScore-F1": 0.8969595432281494
  },
  "s2s_time": 395.6273238658905,
  "tx_time": 16.19348669052124
}